rule_id	file	loc	autocorrect	experimental	default_styles	run_after	editorconfig	code_style_branch	psi_lines	heavy_psi	tests	param_tests	since	master	master_loc	master_tests
annotation	AnnotationRule.kt	527	y	n	ko,ij,as	enum-wrapping	indent_size,indent_style,ktlint_annotation_handle_annotations_with_parameters_same_as_annotations_without_parameters	y	1	n	58	0	0.30s	changed(+13/-10)	529	59
annotation-spacing	AnnotationSpacingRule.kt	202	y	n	ko,ij,as	-	-	n	4	n	15	0	0.39e;0.46s	same	201	15
argument-list-wrapping	ArgumentListWrappingRule.kt	335	y	n	ko,ij,as	value-argument-comment,wrapping,class-signature,function-signature	ktlint_argument_list_wrapping_ignore_when_parameter_count_greater_or_equal_than,indent_size,indent_style,max_line_length	n	3	n	44	3	0.1s	changed(+7/-16)	325	46
backing-property-naming	BackingPropertyNamingRule.kt	189	n	n	ko,ij,as	-	ktlint_code_style	y	0	n	44	25	1.0e;1.3s	same	189	44
binary-expression-wrapping	BinaryExpressionWrappingRule.kt	260	y	n	ko,ij,as	-	indent_size,indent_style,max_line_length	n	1	n	19	0	0.50e;1.3s	changed(+10/-7)	264	19
blank-line-before-declaration	BlankLineBeforeDeclarationRule.kt	202	y	n	ko	-	-	n	0	n	27	0	0.50e;1.0s	changed(+7/-3);styles:ko,as	208	31
blank-line-before-file-annotation	BlankLineBeforeFileAnnotation.kt	61	y	y	experimental	-	-	y	0	n	5	2	2.0e	new-in-master	61	5
blank-line-before-imports	BlankLineBeforeImports.kt	58	y	y	experimental	-	-	y	1	n	12	2	2.0e	new-in-master	58	12
blank-line-before-package	BlankLineBeforePackage.kt	62	y	y	experimental	-	-	y	0	n	7	2	2.0e	new-in-master	62	7
blank-line-between-when-conditions	BlankLineBetweenWhenConditions.kt	154	y	n	ko,ij,as	-	ij_kotlin_line_break_after_multiline_when_entry	n	0	n	10	0	1.2e;1.8s	changed(+15/-4)	167	12
block-comment-initial-star-alignment	BlockCommentInitialStarAlignmentRule.kt	75	y	n	ko,ij,as	indent	-	n	0	n	5	0	0.45s	changed(+1/-14)	61	5
call-expression-wrapping	CallExpressionWrappingRule.kt	159	y	y	experimental	-	indent_size,indent_style,max_line_length	n	0	n	8	0		new-in-master	159	8
chain-method-continuation	ChainMethodContinuationRule.kt	530	y	n	ko	argument-list-wrapping	ktlint_code_style,ktlint_chain_method_rule_force_multiline_when_chain_operator_count_greater_or_equal_than,indent_size,indent_style,max_line_length	n	1	n	46	2	1.0e;1.3s	changed(+6/-8)	527	46
chain-wrapping	ChainWrappingRule.kt	188	y	n	ko,ij,as	-	indent_size,indent_style	n	6	y	16	0	0.13s	same	188	16
class-naming	ClassNamingRule.kt	81	n	n	ko,ij,as	-	-	n	2	n	11	5	0.48e;1.0s	same	81	11
class-signature	ClassSignatureRule.kt	731	y	n	ko,ij,as	type-parameter-comment,value-parameter-comment,LATE	indent_size,indent_style,max_line_length,ktlint_class_signature_rule_force_multiline_when_parameter_count_greater_or_equal_than	y	0	n	69	10	1.0e;1.3s	changed(+8/-17)	719	70
colon-spacing	SpacingAroundColonRule.kt	224	y	n	ko,ij,as	-	-	n	1	n	16	0	0.1s	same	224	16
comma-spacing	SpacingAroundCommaRule.kt	71	y	n	ko,ij,as	-	-	n	2	n	10	0	0.1s	changed(+1/-1)	71	12
comment-spacing	CommentSpacingRule.kt	47	y	n	ko,ij,as	-	-	n	1	n	2	0		changed(+5/-1)	53	3
comment-wrapping	CommentWrappingRule.kt	119	y	n	ko,ij,as	-	indent_size,indent_style	n	1	n	9	0	0.45e;0.49s	same	119	9
condition-wrapping	ConditionWrappingRule.kt	30	n	n	ko,ij,as	-	-	n	0	n	0	0	1.1e;1.3s	removed-in-master	-	-
context-parameter-list-wrapping	ContextParameterListWrappingRule.kt	198	y	n	ko,ij,as	-	indent_size,indent_style,max_line_length	n	0	n	10	0	1.7s	new-in-master	198	10
context-receiver-list-wrapping	ContextReceiverListWrappingRule.kt	193	y	n	ko,ij,as	-	indent_size,indent_style,max_line_length	n	0	n	10	0	1.7s	removed-in-master	-	-
context-receiver-wrapping	ContextReceiverWrappingRule.kt	192	y	n	ko,ij,as	-	indent_size,indent_style,max_line_length	n	0	n	11	0	0.48e;1.0s	changed(+4/-2)	195	11
curly-spacing	SpacingAroundCurlyRule.kt	208	y	n	ko,ij,as	-	ktlint_code_style,indent_size,indent_style	y	0	n	35	0	0.1s	same	208	35
discouraged-comment-location	DiscouragedCommentLocationRule.kt	37	n	n	ko,ij,as	-	-	n	0	n	0	0	0.45e;1.0s	removed-in-master	-	-
dot-spacing	SpacingAroundDotRule.kt	42	y	n	ko,ij,as	-	-	n	1	n	7	0	0.30s	same	42	7
double-colon-spacing	SpacingAroundDoubleColonRule.kt	91	y	n	ko,ij,as	-	-	n	0	n	6	0	0.37s	same	91	6
enum-entry-name-case	EnumEntryNameCaseRule.kt	109	n	n	ko,ij,as	-	ktlint_enum_entry_name_casing	n	3	n	9	0	0.36e;0.46s	same	109	9
enum-wrapping	EnumWrappingRule.kt	194	y	n	ko,ij,as	-	indent_size,indent_style	n	0	n	14	0	0.49e;1.0s	changed(+0/-3)	191	14
expression-operand-wrapping	ExpressionOperandWrappingRule.kt	164	y	y	experimental	-	indent_size,indent_style	n	2	n	14	0	1.7e	changed(+1/-1)	164	14
filename	FilenameRule.kt	180	n	n	ko,ij,as	-	-	n	3	n	11	6		same	180	11
final-newline	FinalNewlineRule.kt	62	y	n	ko,ij,as	-	insert_final_newline	n	1	n	7	0	0.9s	same	62	7
fun-keyword-spacing	FunKeywordSpacingRule.kt	59	y	n	ko,ij,as	-	-	n	1	n	3	0	0.45e;0.49s	same	59	3
function-expression-body	FunctionExpressionBodyRule.kt	172	y	n	ko,ij,as	-	ktlint_code_style,indent_size,indent_style,max_line_length	y	3	n	10	1	1.0e;1.3s	changed(+0/-1);editorconfig:ktlint_code_style,indent_size,indent_style	170	10
function-literal	FunctionLiteralRule.kt	453	y	n	ko,ij,as	chain-method-continuation	ktlint_code_style,indent_size,indent_style,max_line_length	y	1	n	29	0	1.0e;1.3s	changed(+20/-19)	453	30
function-naming	FunctionNamingRule.kt	218	n	n	ko,ij,as	-	ktlint_function_naming_ignore_when_annotated_with	n	8	y	21	6	0.48e;1.0s	same	218	21
function-return-type-spacing	FunctionReturnTypeSpacingRule.kt	108	y	n	ko,ij,as	-	max_line_length	n	1	n	8	0	0.46e;0.49s	same	108	8
function-signature	FunctionSignatureRule.kt	834	y	n	ko,ij,as	type-parameter-comment,type-argument-comment,value-parameter-comment,context-receiver-wrapping,LATE	indent_size,indent_style,max_line_length,ktlint_function_signature_rule_force_multiline_when_parameter_count_greater_or_equal_than,ktlint_function_signature_body_expression_wrapping	y	0	n	65	18	0.46e;1.0s	changed(+9/-23)	820	65
function-start-of-body-spacing	FunctionStartOfBodySpacingRule.kt	129	y	n	ko,ij,as	-	-	n	0	n	11	0	0.46e;0.49s	same	129	11
function-type-modifier-spacing	FunctionTypeModifierSpacingRule.kt	47	y	n	ko,ij,as	-	-	n	0	n	8	0	1.0e;1.3s	same	47	8
function-type-reference-spacing	FunctionTypeReferenceSpacingRule.kt	79	y	n	ko,ij,as	-	-	n	0	n	7	0	0.45e;1.0s	same	79	7
if-else-bracing	IfElseBracingRule.kt	189	y	n	ko	-	indent_size,indent_style	n	5	y	17	2	0.49e;1.0s	changed(+1/-1)	189	17
if-else-wrapping	IfElseWrappingRule.kt	222	y	n	ko	-	indent_size,indent_style	n	1	n	30	0	0.49e;1.0s	changed(+1/-1)	222	30
import-ordering	ImportOrderingRule.kt	283	y	n	ko,ij,as	-	ij_kotlin_imports_layout	n	7	y	29	0	0.10s	changed(+4/-4)	283	29
indent	IndentationRule.kt	1597	y	n	ko,ij,as	class-signature,function-signature,trailing-comma-on-call-site,trailing-comma-on-declaration-site,LATE	ktlint_code_style,indent_size,indent_style,ij_kotlin_indent_before_arrow_on_new_line	y	3	n	257	13	0.1s	changed(+74/-67);editorconfig:ktlint_code_style,indent_size,indent_style,ij_kotlin_indent_before_arrow_on_new_line,ktlint_indent_explicit_constructor	1601	269
kdoc	KdocRule.kt	85	n	n	ko,ij,as	-	indent_size,indent_style	n	1	n	16	1	1.2e;1.8s	same	85	16
kdoc-delimiter	KdocDelimiterRule.kt	446	y	y	experimental(ko)	-	-	n	0	n	47	1	2.0e	new-in-master	446	47
kdoc-wrapping	KdocWrappingRule.kt	69	y	n	ko,ij,as	-	indent_size,indent_style	n	0	n	6	0	0.45e;0.49s	same	69	6
keyword-spacing	SpacingAroundKeywordRule.kt	98	y	n	ko,ij,as	-	-	n	1	n	17	0	0.1s	same	98	17
lambda-return	LambdaReturnRule.kt	141	y	y	experimental	-	ktlint_code_style,indent_size,indent_style,max_line_length	n	2	n	5	0	2.0e	new-in-master	141	5
max-line-length	MaxLineLengthRule.kt	176	n	n	ko,ij,as	trailing-comma-on-call-site,trailing-comma-on-declaration-site,LATE	max_line_length,ktlint_ignore_back_ticked_identifier	n	1	n	18	0	0.9s	changed(+0/-18)	157	18
mixed-condition-operators	MixedConditionOperatorsRule.kt	90	n	n	ko,ij,as	-	-	n	1	n	5	0	1.1e;1.8s	same	90	5
modifier-list-spacing	ModifierListSpacingRule.kt	124	y	n	ko,ij,as	annotation,modifier-order	indent_size,indent_style	n	0	n	12	0	0.45e;0.49s	changed(+1/-7)	117	12
modifier-order	ModifierOrderRule.kt	117	y	n	ko,ij,as	-	-	n	1	n	8	0	0.7s	changed(+1/-1)	117	8
multiline-expression-wrapping	MultilineExpressionWrappingRule.kt	246	y	n	ko	-	indent_size,indent_style,ktlint_function_signature_body_expression_wrapping	n	0	n	37	0	0.49e;1.0s	changed(+1/-1)	246	37
multiline-if-else	MultiLineIfElseRule.kt	174	y	n	ko,ij,as	-	indent_size,indent_style	n	5	y	27	0	0.25s	same	174	27
multiline-loop	MultilineLoopRule.kt	120	y	n	ko,ij,as	-	indent_size,indent_style	n	5	y	9	0	1.0e;1.3s	same	120	9
no-blank-line-at-start-of-file	NoBlankLineAtStartOfFileRule.kt	40	y	y	experimental	-	-	n	0	n	6	0	2.0e	new-in-master	40	6
no-blank-line-before-rbrace	NoBlankLineBeforeRbraceRule.kt	38	y	n	ko,ij,as	-	-	n	0	n	3	0	0.10s	same	38	3
no-blank-line-in-list	NoBlankLineInListRule.kt	129	y	n	ko	-	-	n	1	n	20	0	0.49e;1.0s	changed(+1/-1)	129	20
no-blank-lines-in-chained-method-calls	NoBlankLinesInChainedMethodCallsRule.kt	30	y	n	ko,ij,as	-	-	n	0	n	2	0		same	30	2
no-consecutive-blank-lines	NoConsecutiveBlankLinesRule.kt	75	y	n	ko,ij,as	-	-	n	0	n	10	0	0.1s	same	75	10
no-consecutive-comments	NoConsecutiveCommentsRule.kt	169	n	n	ko	-	-	n	0	n	15	2	0.49e;1.0s	changed(+1/-1)	169	15
no-empty-class-body	NoEmptyClassBodyRule.kt	57	y	n	ko,ij,as	-	-	n	0	n	6	0	0.9s	same	57	6
no-empty-file	NoEmptyFileRule.kt	49	n	n	ko,ij,as	-	-	n	0	n	9	0	0.50e;1.0s	same	49	9
no-empty-first-line-in-class-body	NoEmptyFirstLineInClassBodyRule.kt	71	y	n	ko	-	indent_size,indent_style	n	0	n	6	2	0.49e;1.0s	changed(+1/-1)	71	6
no-empty-first-line-in-method-block	NoEmptyFirstLineInMethodBlockRule.kt	48	y	n	ko,ij,as	-	-	n	0	n	5	0	0.34e;0.46s	same	48	5
no-line-break-after-else	NoLineBreakAfterElseRule.kt	34	y	n	ko,ij,as	-	-	n	0	n	5	0	0.15s	same	34	5
no-line-break-before-assignment	NoLineBreakBeforeAssignmentRule.kt	69	y	n	ko,ij,as	-	-	n	3	n	8	0	0.13s	same	69	8
no-multi-spaces	NoMultipleSpacesRule.kt	46	y	n	ko,ij,as	-	-	n	0	n	5	0	0.2s	same	46	5
no-semi	NoSemicolonsRule.kt	159	y	n	ko,ij,as	wrapping	-	n	2	n	26	0	0.1s	changed(+2/-9)	151	26
no-single-line-block-comment	NoSingleLineBlockCommentRule.kt	90	y	n	ko	comment-wrapping	indent_size,indent_style	n	3	n	8	0	0.49e;1.0s	changed(+1/-2)	87	8
no-trailing-spaces	NoTrailingSpacesRule.kt	97	y	n	ko,ij,as	-	-	n	0	n	7	0	0.1s	changed(+18/-2)	116	7
no-unit-return	NoUnitReturnRule.kt	57	y	n	ko,ij,as	-	-	n	0	n	5	0	0.7s	same	57	5
no-unused-imports	NoUnusedImportsRule.kt	341	y	n	opt-in	-	-	n	9	y	44	0	0.2s	changed(+16/-8)	351	44
no-wildcard-imports	NoWildcardImportsRule.kt	111	n	n	ko,ij,as	-	ij_kotlin_packages_to_use_import_on_demand	n	2	n	7	0	0.2s	same	111	7
nullable-type-spacing	NullableTypeSpacingRule.kt	36	y	n	ko,ij,as	-	-	n	1	n	10	0	0.46e;0.49s	same	36	10
op-spacing	SpacingAroundOperatorsRule.kt	156	y	n	ko,ij,as	-	-	n	1	n	16	3	0.1s	same	156	16
package-name	PackageNameRule.kt	47	n	n	ko,ij,as	-	-	n	1	n	7	2	0.25s	changed(+4/-6)	45	7
parameter-list-spacing	ParameterListSpacingRule.kt	312	y	n	ko,ij,as	-	max_line_length	n	1	n	30	0	0.46e;1.0s	same	312	30
parameter-list-wrapping	ParameterListWrappingRule.kt	353	y	n	ko,ij,as	-	ktlint_code_style,indent_size,indent_style,max_line_length	y	3	n	30	3	0.16s	changed(+15/-11)	358	30
parameter-wrapping	ParameterWrappingRule.kt	187	y	n	ko,ij,as	-	indent_size,indent_style,max_line_length	n	0	n	4	0	0.49s	changed(+10/-4)	194	4
paren-spacing	SpacingAroundParensRule.kt	220	y	n	ko,ij,as	-	-	n	2	n	18	0	0.24s	changed(+1/-1)	220	21
property-naming	PropertyNamingRule.kt	190	n	n	ko,ij,as	-	ktlint_property_naming_constant_naming	n	2	n	18	4	0.48e;1.0s	same	190	18
property-wrapping	PropertyWrappingRule.kt	177	y	n	ko,ij,as	-	indent_size,indent_style,max_line_length	n	0	n	4	0		changed(+10/-4)	184	4
range-spacing	SpacingAroundRangeOperatorRule.kt	52	y	n	ko,ij,as	-	-	n	2	n	3	0	0.13s	same	52	3
spacing-around-angle-brackets	SpacingAroundAngleBracketsRule.kt	110	y	n	ko,ij,as	-	-	n	0	n	4	0	0.30s	same	110	4
spacing-between-declarations-with-annotations	SpacingBetweenDeclarationsWithAnnotationsRule.kt	80	y	n	ko,ij,as	-	-	n	1	n	18	0	0.37e;0.46s	same	80	18
spacing-between-declarations-with-comments	SpacingBetweenDeclarationsWithCommentsRule.kt	65	y	n	ko,ij,as	-	-	n	0	n	8	0	0.37e;0.46s	same	65	8
spacing-between-function-name-and-opening-parenthesis	SpacingBetweenFunctionNameAndOpeningParenthesisRule.kt	37	y	n	ko,ij,as	-	-	n	0	n	3	0	0.46e;0.49s	same	37	3
square-brackets-spacing	SpacingAroundSquareBracketsRule.kt	101	y	n	ko,ij,as	-	-	n	0	n	10	0	1.2e;1.8s	changed(+1/-1)	102	11
statement-wrapping	StatementWrappingRule.kt	219	y	n	ko,ij,as	-	indent_size,indent_style	n	0	n	49	0	0.50e;1.0s	same	219	49
string-template	StringTemplateRule.kt	138	y	n	ko,ij,as	-	-	n	1	n	16	0	0.9s	same	138	16
string-template-indent	StringTemplateIndentRule.kt	417	y	n	ko	indent!	indent_size,indent_style	n	1	n	21	0	0.49e;1.0s	changed(+1/-8)	408	21
then-spacing	ThenSpacingRule.kt	56	y	n	ko,ij,as	-	-	n	0	n	1	0	1.8s	same	56	1
trailing-comma-on-call-site	TrailingCommaOnCallSiteRule.kt	279	y	n	ko,ij,as	wrapping!,LATE	ij_kotlin_allow_trailing_comma_on_call_site	n	3	n	18	0	0.43e;0.47s	changed(+1/-9)	269	18
trailing-comma-on-declaration-site	TrailingCommaOnDeclarationSiteRule.kt	485	y	n	ko,ij,as	wrapping!,LATE	ij_kotlin_allow_trailing_comma	n	11	y	35	0	0.43e;0.46s	changed(+24/-16)	496	37
try-catch-finally-spacing	TryCatchFinallySpacingRule.kt	129	y	n	ko	-	indent_size,indent_style	n	1	n	12	0	0.49e;1.0s	changed(+1/-1)	129	12
type-argument-comment	TypeArgumentCommentRule.kt	79	n	n	ko,ij,as	-	-	n	1	n	5	0	1.1s	same	79	5
type-argument-list-spacing	TypeArgumentListSpacingRule.kt	183	y	n	ko,ij,as	-	indent_size,indent_style	n	0	n	6	0	0.45e;1.0s	same	183	6
type-parameter-comment	TypeParameterCommentRule.kt	79	n	n	ko,ij,as	-	-	n	1	n	6	0	1.1s	same	79	6
type-parameter-list-spacing	TypeParameterListSpacingRule.kt	270	y	n	ko,ij,as	-	indent_size,indent_style	n	0	n	19	0	0.45e;1.0s	changed(+10/-8)	273	20
unary-op-spacing	SpacingAroundUnaryOperatorRule.kt	48	y	n	ko,ij,as	-	-	n	0	n	7	0	0.38e;0.46s	same	48	7
unnecessary-parentheses-before-trailing-lambda	UnnecessaryParenthesesBeforeTrailingLambdaRule.kt	66	y	n	ko,ij,as	-	-	n	0	n	3	0	0.44e;1.0s	same	66	3
value-argument-comment	ValueArgumentCommentRule.kt	47	n	n	ko,ij,as	-	-	n	0	n	5	0	1.1s	same	47	5
value-parameter-comment	ValueParameterCommentRule.kt	57	n	n	ko,ij,as	-	-	n	0	n	6	0	1.1s	same	57	6
when-entry-bracing	WhenEntryBracing.kt	162	y	n	ko	-	indent_size,indent_style	n	2	n	6	0	1.4e;1.8s	changed(+29/-20)	171	7
wrapping	WrappingRule.kt	719	y	n	ko,ij,as	annotation	indent_size,indent_style,max_line_length	n	13	y	90	0	0.45s	changed(+80/-10)	790	93
